{
    "social_id": "100044355009977",
    "avatar": "https://scontent.fdad3-5.fna.fbcdn.net/v/t39.30808-6/341698738_3484678428414649_3149233058450962120_n.jpg?_nc_cat=1&ccb=1-7&_nc_sid=5f2048&_nc_ohc=zlrymhF4EKUAX-gZojJ&_nc_ht=scontent.fdad3-5.fna&oh=00_AfDhiGKt29FX1x7hobeO6acXGHHcmcNdSbMRMFWGSyCSvQ&oe=661197D7",
    "name": "Salim",
    "describe": "S\u00e0 Lim",
    "follower_count": 965444,
    "top_post": [
        {
            "post_id": "110044355055773",
            "content": "Con \u1edf nh\u00e0 v\u1edbi m\u00ecnh th\u00ec t\u00f3c bu\u1ed9c nhanh th\u00f4i c\u0169ng \u0111\u1eb9p, m\u00e0 sao \u1edf v\u1edbi ba th\u00ec\ud83d\ude42",
            "image": "https://scontent.fdad3-5.fna.fbcdn.net/v/t39.30808-6/434580078_950411443114014_2276785411757320096_n.jpg?stp=cp6_dst-jpg&_nc_cat=1&ccb=1-7&_nc_sid=5f2048&_nc_ohc=rV8YyrN1LOsAX_EkdHC&_nc_ht=scontent.fdad3-5.fna&oh=00_AfDOqR79gwaPYsmPoQ0T-HxjKLa6tQsPXx3edZdorZthsg&oe=66118DC8",
            "like_count": 50671,
            "comment_count": 547,
            "share_count": 325,
            "view_count": 90671,
            "click_count": 87000
        },
        {
            "post_id": "120044355055773",
            "content": "Demo h\u00ecnh sinh nh\u1eadt n\u0103m nay t\u1eb7ng con g\u00e1i c\u00f4 ch\u00fa d\u00ec \u0111\u00e2y. To\u00e0n l\u00e0 g\u1ea5u b\u00f4ng, v\u00ec nhi\u1ec1u qu\u00e1 n\u00ean m\u1eb9 em ch\u1ec9 mang nh\u1eefng th\u00fa b\u00f4ng c\u00f3 c\u00e2u chuy\u1ec7n",
            "image": "https://scontent.fdad3-5.fna.fbcdn.net/v/t39.30808-6/434580078_950411443114014_2276785411757320096_n.jpg?stp=cp6_dst-jpg&_nc_cat=1&ccb=1-7&_nc_sid=5f2048&_nc_ohc=rV8YyrN1LOsAX_EkdHC&_nc_ht=scontent.fdad3-5.fna&oh=00_AfDOqR79gwaPYsmPoQ0T-HxjKLa6tQsPXx3edZdorZthsg&oe=66118DC8",
            "like_count": 41230,
            "comment_count": 442,
            "share_count": 412,
            "view_count": 74023,
            "click_count": 65243
        },
        {
            "post_id": "130044355055773",
            "content": "C\u00e1c b\u00e1c \u01a1i Trailer T\u1eadp 3 M\u1eb9 V\u1eafng Nh\u00e0 Ba L\u00e0 Si\u00eau Nh\u00e2n 2024 v\u1eeba \u0111\u01b0\u1ee3c \u0111\u0103ng t\u1ea3i tr\u00ean c\u00e1c k\u00eanh c\u1ee7a ch\u01b0\u01a1ng tr\u00ecnh r\u1ed3i!",
            "image": "https://scontent.fdad3-5.fna.fbcdn.net/v/t39.30808-6/434580078_950411443114014_2276785411757320096_n.jpg?stp=cp6_dst-jpg&_nc_cat=1&ccb=1-7&_nc_sid=5f2048&_nc_ohc=rV8YyrN1LOsAX_EkdHC&_nc_ht=scontent.fdad3-5.fna&oh=00_AfDOqR79gwaPYsmPoQ0T-HxjKLa6tQsPXx3edZdorZthsg&oe=66118DC8",
            "like_count": 13079,
            "comment_count": 243,
            "share_count": 3259,
            "view_count": 45000,
            "click_count": 32087
        }
    ]
}